Menu_ID,Restaurant_Name,Record_Type,Cuisine,Category,Item_Name,Description,Rating,Best_Pairing,Dietary_Tags,Spice_Level,Beverage_Type
FOOD-001,Saffron Table Bistro,Food,Indian Fusion,Appetizer,Tandoori Cauliflower Bites,"A indian fusion starter featuring charred cauliflower with yogurt glaze, mint dust, and a smoky tandoor finish, plated for easy sharing and bold first impressions.",4.5,Saffron Gin & Tonic,Vegetarian,Medium,
FOOD-002,Saffron Table Bistro,Food,Indian Fusion,Appetizer,Butter Chicken Croquettes,"A indian fusion starter featuring shredded butter chicken folded into crisp crumbed croquettes with kasundi, plated for easy sharing and bold first impressions.",4.1,Chili Mango Margarita,Chicken,Mild,
FOOD-003,Saffron Table Bistro,Food,Indian Fusion,Appetizer,Paneer Tikka Lettuce Cups,"A indian fusion starter featuring paneer tikka, pickled onion, and coriander yogurt in chilled lettuce cups, plated for easy sharing and bold first impressions.",4.3,Belgian Wheat Beer,Vegetarian,Medium,
FOOD-004,Saffron Table Bistro,Food,Indian Fusion,Appetizer,Curry Leaf Calamari,"A indian fusion starter featuring fried calamari with curry leaf salt and lime aioli, plated for easy sharing and bold first impressions.",4.2,Cucumber Gin Fizz,Seafood,Medium,
FOOD-005,Saffron Table Bistro,Food,Indian Fusion,Appetizer,Masala Sweet Corn Arancini,"A indian fusion starter featuring sweet corn risotto balls with chili cheese center and tomato chutney, plated for easy sharing and bold first impressions.",4.5,Saffron Gin & Tonic,Vegetarian,Mild,
FOOD-006,Saffron Table Bistro,Food,Indian Fusion,Appetizer,Tamarind Glazed Chicken Skewers,"A indian fusion starter featuring chargrilled chicken skewers lacquered in tamarind and cracked pepper, plated for easy sharing and bold first impressions.",4.5,Chili Mango Margarita,Chicken,Medium,
FOOD-007,Saffron Table Bistro,Food,Indian Fusion,Appetizer,Beetroot Dahi Puri Cones,"A indian fusion starter featuring beetroot yogurt, sev, and pomegranate layered into crisp puri shells, plated for easy sharing and bold first impressions.",4.6,Belgian Wheat Beer,Vegetarian,Mild,
FOOD-008,Saffron Table Bistro,Food,Indian Fusion,Appetizer,Pepper Prawn Koliwada,"A indian fusion starter featuring crisp prawns dusted with pepper masala and served with smoked chili mayo, plated for easy sharing and bold first impressions.",4.2,Cucumber Gin Fizz,Seafood,Hot,
FOOD-009,Saffron Table Bistro,Food,Indian Fusion,Main,Saffron Makhani Pasta,"A hearty indian fusion main built around penne in makhani cream with parmesan, kasuri methi, and roasted garlic, portioned for a full casual-dining entrée.",4.5,Tamarind Whiskey Sour,Vegetarian,Mild,
FOOD-010,Saffron Table Bistro,Food,Indian Fusion,Main,Butter Chicken Lasagna,"A hearty indian fusion main built around lasagna layers filled with butter chicken ragů, mozzarella, and herb crumbs, portioned for a full casual-dining entrée.",4.2,Masala Old Fashioned,Chicken,Mild,
FOOD-011,Saffron Table Bistro,Food,Indian Fusion,Main,Truffle Kulcha with Dal Bukhara,"A hearty indian fusion main built around truffle-brushed kulcha alongside slow-cooked black lentils, portioned for a full casual-dining entrée.",4.4,Malbec Reserve,Vegetarian,Mild,
FOOD-012,Saffron Table Bistro,Food,Indian Fusion,Main,Malabar Grilled Fish with Herb Rice,"A hearty indian fusion main built around pepper-rubbed fish fillet with lemon herb rice and coconut jus, portioned for a full casual-dining entrée.",4.6,Craft IPA,Seafood,Medium,
FOOD-013,Saffron Table Bistro,Food,Indian Fusion,Main,Kashmiri Lamb Shepherd's Pie,"A hearty indian fusion main built around spiced lamb mince under a buttered potato crust, portioned for a full casual-dining entrée.",4.2,Rosé by the Glass,Lamb,Medium,
FOOD-014,Saffron Table Bistro,Food,Indian Fusion,Main,Smoked Paneer Steak with Pepper Sauce,"A hearty indian fusion main built around charred paneer steak plated with pepper sauce and sautéed vegetables, portioned for a full casual-dining entrée.",4.3,Tamarind Whiskey Sour,Vegetarian,Medium,
FOOD-015,Saffron Table Bistro,Food,Indian Fusion,Main,Chili Garlic Prawn Khichdi Risotto,"A hearty indian fusion main built around creamy khichdi-style risotto topped with garlic butter prawns, portioned for a full casual-dining entrée.",4.7,Masala Old Fashioned,Seafood,Medium,
FOOD-016,Saffron Table Bistro,Food,Indian Fusion,Main,Rogan Josh Pot Pie,"A hearty indian fusion main built around slow-cooked lamb curry sealed under flaky pastry, portioned for a full casual-dining entrée.",4.6,Malbec Reserve,Lamb,Medium,
FOOD-017,Saffron Table Bistro,Food,Indian Fusion,Main,Kofta in Spinach Velouté,"A hearty indian fusion main built around soft paneer kofta in spinach cream with crisp naan shards, portioned for a full casual-dining entrée.",4.4,Craft IPA,Vegetarian,Mild,
FOOD-018,Saffron Table Bistro,Food,Indian Fusion,Main,Chettinad Chicken Ravioli,"A hearty indian fusion main built around spiced chicken ravioli finished in coconut curry emulsion, portioned for a full casual-dining entrée.",4.6,Rosé by the Glass,Chicken,Medium,
FOOD-019,Saffron Table Bistro,Food,Indian Fusion,Main,Naan Crust Veg Pizza,"A hearty indian fusion main built around naan-based pizza with makhani sauce, paneer tikka, and bell peppers, portioned for a full casual-dining entrée.",4.8,Tamarind Whiskey Sour,Vegetarian,Mild,
FOOD-020,Saffron Table Bistro,Food,Indian Fusion,Main,Kerala Pepper Beef Bowl,"A hearty indian fusion main built around pepper-crusted beef strips with ghee rice and shallots, portioned for a full casual-dining entrée.",4.2,Masala Old Fashioned,Beef,Hot,
FOOD-021,Saffron Table Bistro,Food,Indian Fusion,Dessert,Rose Tres Leches,"A dessert inspired by indian fusion flavors with rose milk sponge soaked in three milks and topped with pistachio crumb, designed as a smooth and memorable finish.",4.8,Irish Cream Liqueur,Vegetarian,None,
FOOD-022,Saffron Table Bistro,Food,Indian Fusion,Dessert,Kulfi Tiramisu,"A dessert inspired by indian fusion flavors with saffron mascarpone and biscuit layers inspired by kulfi and tiramisu, designed as a smooth and memorable finish.",4.7,Coffee Liqueur Martini,Vegetarian,None,
FOOD-023,Saffron Table Bistro,Food,Indian Fusion,Dessert,Gulab Jamun Cheesecake,"A dessert inspired by indian fusion flavors with baked cheesecake with gulab jamun compote and cardamom cream, designed as a smooth and memorable finish.",4.5,XO Brandy Pour,Vegetarian,None,
FOOD-024,Saffron Table Bistro,Food,Indian Fusion,Dessert,Cardamom Churro Sticks,"A dessert inspired by indian fusion flavors with crisp churro sticks dusted with cardamom sugar and served with rabri dip, designed as a smooth and memorable finish.",4.4,Prosecco Brut,Vegetarian,None,
FOOD-025,Saffron Table Bistro,Food,Indian Fusion,Dessert,Jaggery Coconut Panna Cotta,"A dessert inspired by indian fusion flavors with silky coconut panna cotta topped with dark jaggery syrup, designed as a smooth and memorable finish.",4.9,Irish Cream Liqueur,Vegetarian,None,
FOOD-026,Saffron Table Bistro,Food,North Indian,Appetizer,Amritsari Fish Fingers,"A north indian starter featuring batter-fried fish strips with ajwain, gram flour, and mint chutney, plated for easy sharing and bold first impressions.",4.3,Belgian Wheat Beer,Seafood,Medium,
FOOD-027,Saffron Table Bistro,Food,North Indian,Appetizer,Dahi ke Kebab,"A north indian starter featuring soft hung-curd kebabs with saffron, nuts, and a crisp exterior, plated for easy sharing and bold first impressions.",4.2,Cucumber Gin Fizz,Vegetarian,Mild,
FOOD-028,Saffron Table Bistro,Food,North Indian,Appetizer,Tandoori Mushroom Seekh,"A north indian starter featuring minced mushroom seekh scented with garam masala and charred onions, plated for easy sharing and bold first impressions.",4.2,Saffron Gin & Tonic,Vegetarian,Medium,
FOOD-029,Saffron Table Bistro,Food,North Indian,Appetizer,Murgh Malai Tikka,"A north indian starter featuring cream-marinated chicken tikka with gentle spice and smoky edges, plated for easy sharing and bold first impressions.",4.6,Rosé by the Glass,Chicken,Mild,
FOOD-030,Saffron Table Bistro,Food,North Indian,Appetizer,Achaari Paneer Skewers,"A north indian starter featuring paneer cubes marinated in pickle spices and cooked over high heat, plated for easy sharing and bold first impressions.",4.5,Belgian Wheat Beer,Vegetarian,Medium,
FOOD-031,Saffron Table Bistro,Food,North Indian,Appetizer,Masala Papad Nachos,"A north indian starter featuring crisp papad topped with tomato, onion, chutneys, and sev, plated for easy sharing and bold first impressions.",4.6,Cucumber Gin Fizz,Vegetarian,Mild,
FOOD-032,Saffron Table Bistro,Food,North Indian,Appetizer,Lahori Mutton Samosa,"A north indian starter featuring flaky samosas filled with spiced minced mutton and herbs, plated for easy sharing and bold first impressions.",4.5,Saffron Gin & Tonic,Lamb,Medium,
FOOD-033,Saffron Table Bistro,Food,North Indian,Appetizer,Tandoori Broccoli Florets,"A north indian starter featuring broccoli florets in yogurt spice marinade with charred finish, plated for easy sharing and bold first impressions.",4.4,Rosé by the Glass,Vegetarian,Medium,
FOOD-034,Saffron Table Bistro,Food,North Indian,Main,Dal Bukhara,"A hearty north indian main built around overnight-simmered black lentils enriched with butter and cream, portioned for a full casual-dining entrée.",4.9,Masala Old Fashioned,Vegetarian,Mild,
FOOD-035,Saffron Table Bistro,Food,North Indian,Main,Murgh Makhani,"A hearty north indian main built around classic butter chicken with silky tomato gravy and fenugreek aroma, portioned for a full casual-dining entrée.",4.5,Tamarind Whiskey Sour,Chicken,Mild,
FOOD-036,Saffron Table Bistro,Food,North Indian,Main,Paneer Lababdar,"A hearty north indian main built around paneer cubes in a rich onion-tomato gravy with buttered finish, portioned for a full casual-dining entrée.",4.6,Malbec Reserve,Vegetarian,Mild,
FOOD-037,Saffron Table Bistro,Food,North Indian,Main,Nalli Nihari,"A hearty north indian main built around slow-cooked lamb shank stew with warm spice depth, portioned for a full casual-dining entrée.",4.8,Craft IPA,Lamb,Medium,
FOOD-038,Saffron Table Bistro,Food,North Indian,Main,Dum Aloo Banarasi,"A hearty north indian main built around baby potatoes braised in spiced yogurt gravy, portioned for a full casual-dining entrée.",4.6,Pinot Noir,Vegetarian,Medium,
FOOD-039,Saffron Table Bistro,Food,North Indian,Main,Kadhai Jhinga,"A hearty north indian main built around prawns tossed in bell pepper, tomato, and kadhai masala, portioned for a full casual-dining entrée.",4.8,Masala Old Fashioned,Seafood,Medium,
FOOD-040,Saffron Table Bistro,Food,North Indian,Main,Sarson Saag & Makki Roti Stack,"A hearty north indian main built around mustard greens and layered makki roti with white butter, portioned for a full casual-dining entrée.",4.6,Tamarind Whiskey Sour,Vegetarian,Mild,
FOOD-041,Saffron Table Bistro,Food,North Indian,Main,Chicken Tikka Masala Bowl,"A hearty north indian main built around charred tikka pieces finished in bold masala gravy with rice, portioned for a full casual-dining entrée.",4.7,Malbec Reserve,Chicken,Medium,
FOOD-042,Saffron Table Bistro,Food,North Indian,Main,Gosht Rogan Curry,"A hearty north indian main built around tender lamb cooked in Kashmiri chili and aromatic brown onion sauce, portioned for a full casual-dining entrée.",4.2,Craft IPA,Lamb,Medium,
FOOD-043,Saffron Table Bistro,Food,North Indian,Main,Paneer Khurchan,"A hearty north indian main built around julienned paneer stir-cooked with onions, capsicum, and tomato masala, portioned for a full casual-dining entrée.",4.4,Pinot Noir,Vegetarian,Medium,
FOOD-044,Saffron Table Bistro,Food,North Indian,Main,Subz Handi,"A hearty north indian main built around mixed vegetables simmered in cashew-onion gravy and whole spices, portioned for a full casual-dining entrée.",4.4,Masala Old Fashioned,Vegetarian,Mild,
FOOD-045,Saffron Table Bistro,Food,North Indian,Main,Smoky Soya Chaap Masala,"A hearty north indian main built around soya chaap in smoky tomato-cashew masala with fresh coriander, portioned for a full casual-dining entrée.",4.3,Tamarind Whiskey Sour,Vegetarian,Medium,
FOOD-046,Saffron Table Bistro,Food,North Indian,Dessert,Shahi Tukda,"A dessert inspired by north indian flavors with fried bread pudding with rabri, saffron, and toasted nuts, designed as a smooth and memorable finish.",4.4,Irish Cream Liqueur,Vegetarian,None,
FOOD-047,Saffron Table Bistro,Food,North Indian,Dessert,Kesari Phirni,"A dessert inspired by north indian flavors with creamy rice phirni scented with saffron and cardamom, designed as a smooth and memorable finish.",4.4,Spiced Mulled Wine,Vegetarian,None,
FOOD-048,Saffron Table Bistro,Food,North Indian,Dessert,Gajar Halwa Tart,"A dessert inspired by north indian flavors with carrot halwa baked into a buttery tart shell, designed as a smooth and memorable finish.",4.5,XO Brandy Pour,Vegetarian,None,
FOOD-049,Saffron Table Bistro,Food,North Indian,Dessert,Paan Kulfi Slice,"A dessert inspired by north indian flavors with creamy kulfi slice finished with paan reduction and fennel, designed as a smooth and memorable finish.",4.7,Coffee Liqueur Martini,Vegetarian,None,
FOOD-050,Saffron Table Bistro,Food,North Indian,Dessert,Kesar Rasmalai,"A dessert inspired by north indian flavors with soft rasmalai discs in saffron milk with pistachio garnish, designed as a smooth and memorable finish.",4.5,Irish Cream Liqueur,Vegetarian,None,
FOOD-051,Saffron Table Bistro,Food,Continental,Appetizer,Garlic Butter Prawn Cups,"A continental starter featuring butter-poached prawns served in crisp pastry cups with herbs, plated for easy sharing and bold first impressions.",4.3,Elderflower Collins,Seafood,Mild,
FOOD-052,Saffron Table Bistro,Food,Continental,Appetizer,Herb Crusted Mushrooms,"A continental starter featuring button mushrooms crusted with breadcrumbs, herbs, and parmesan, plated for easy sharing and bold first impressions.",4.2,Aperol Spritz,Vegetarian,Mild,
FOOD-053,Saffron Table Bistro,Food,Continental,Appetizer,Tomato Basil Bruschetta,"A continental starter featuring toasted bread topped with tomato concassé, basil, and olive oil, plated for easy sharing and bold first impressions.",4.3,Prosecco Brut,Vegetarian,Mild,
FOOD-054,Saffron Table Bistro,Food,Continental,Appetizer,Chicken Cordon Bites,"A continental starter featuring crispy chicken bites with cheese and smoked ham-style seasoning, plated for easy sharing and bold first impressions.",4.7,Sauvignon Blanc,Chicken,Mild,
FOOD-055,Saffron Table Bistro,Food,Continental,Appetizer,Crispy Polenta Fries,"A continental starter featuring golden polenta batons served with roasted pepper dip, plated for easy sharing and bold first impressions.",4.5,Elderflower Collins,Vegetarian,Mild,
FOOD-056,Saffron Table Bistro,Food,Continental,Appetizer,Smoked Salmon Rillettes,"A continental starter featuring smoked salmon spread with dill and lemon on toasted crostini, plated for easy sharing and bold first impressions.",4.5,Aperol Spritz,Seafood,Mild,
FOOD-057,Saffron Table Bistro,Food,Continental,Appetizer,Cheesy Spinach Vol-au-Vent,"A continental starter featuring flaky pastry shells filled with creamed spinach and cheese, plated for easy sharing and bold first impressions.",4.2,Prosecco Brut,Vegetarian,Mild,
FOOD-058,Saffron Table Bistro,Food,Continental,Appetizer,Roast Pumpkin Soup Shot,"A continental starter featuring silky roast pumpkin soup finished with cream and herbs, plated for easy sharing and bold first impressions.",4.5,Sauvignon Blanc,Vegetarian,Mild,
FOOD-059,Saffron Table Bistro,Food,Continental,Main,Herb Roasted Chicken with Jus,"A hearty continental main built around roast chicken breast with pan jus, mash, and seasonal vegetables, portioned for a full casual-dining entrée.",4.3,Smoked Negroni,Chicken,Mild,
FOOD-060,Saffron Table Bistro,Food,Continental,Main,Grilled Cottage Cheese Steak,"A hearty continental main built around herb-marinated cottage cheese steak with sautéed beans and mash, portioned for a full casual-dining entrée.",4.5,Pinot Noir,Vegetarian,Mild,
FOOD-061,Saffron Table Bistro,Food,Continental,Main,Mushroom Truffle Risotto,"A hearty continental main built around creamy arborio rice with mushrooms, parmesan, and truffle oil, portioned for a full casual-dining entrée.",4.9,Malbec Reserve,Vegetarian,Mild,
FOOD-062,Saffron Table Bistro,Food,Continental,Main,Pan Seared Fish with Lemon Butter,"A hearty continental main built around crisp-skinned fish over butter sauce and wilted greens, portioned for a full casual-dining entrée.",4.6,Sauvignon Blanc,Seafood,Mild,
FOOD-063,Saffron Table Bistro,Food,Continental,Main,Lamb in Red Wine Sauce,"A hearty continental main built around slow-cooked lamb finished with red wine reduction and root vegetables, portioned for a full casual-dining entrée.",4.6,Berry Basil Sangria,Lamb,Mild,
FOOD-064,Saffron Table Bistro,Food,Continental,Main,Vegetable Ratatouille Bake,"A hearty continental main built around baked zucchini, eggplant, tomato, and herbs in rustic style, portioned for a full casual-dining entrée.",4.7,Smoked Negroni,Vegetarian,Mild,
FOOD-065,Saffron Table Bistro,Food,Continental,Main,Chicken Schnitzel with Potato Mash,"A hearty continental main built around crumb-fried chicken cutlet with creamy mash and caper butter, portioned for a full casual-dining entrée.",4.8,Pinot Noir,Chicken,Mild,
FOOD-066,Saffron Table Bistro,Food,Continental,Main,Baked Mac and Cheese Gratin,"A hearty continental main built around cheese-rich macaroni gratin with toasted crumb topping, portioned for a full casual-dining entrée.",4.7,Malbec Reserve,Vegetarian,Mild,
FOOD-067,Saffron Table Bistro,Food,Continental,Main,Pepper Crusted Tenderloin,"A hearty continental main built around pepper-crusted beef with jus and buttered vegetables, portioned for a full casual-dining entrée.",4.4,Sauvignon Blanc,Beef,Medium,
FOOD-068,Saffron Table Bistro,Food,Continental,Main,Spinach Ricotta Cannelloni,"A hearty continental main built around pasta tubes filled with spinach and ricotta in tomato cream sauce, portioned for a full casual-dining entrée.",4.2,Berry Basil Sangria,Vegetarian,Mild,
FOOD-069,Saffron Table Bistro,Food,Continental,Main,Creamy Dijon Chicken,"A hearty continental main built around seared chicken in dijon mustard cream with herb rice, portioned for a full casual-dining entrée.",4.4,Smoked Negroni,Chicken,Mild,
FOOD-070,Saffron Table Bistro,Food,Continental,Main,Grilled Vegetable Couscous Plate,"A hearty continental main built around chargrilled vegetables over herbed couscous with olive oil finish, portioned for a full casual-dining entrée.",4.4,Pinot Noir,Vegetarian,Mild,
FOOD-071,Saffron Table Bistro,Food,Continental,Dessert,Classic Crčme Brűlée,"A dessert inspired by continental flavors with vanilla custard finished with a crisp caramelized sugar top, designed as a smooth and memorable finish.",4.4,Irish Cream Liqueur,Vegetarian,None,
FOOD-072,Saffron Table Bistro,Food,Continental,Dessert,Apple Cinnamon Tart,"A dessert inspired by continental flavors with butter pastry tart with apple slices and cinnamon glaze, designed as a smooth and memorable finish.",4.9,Coffee Liqueur Martini,Vegetarian,None,
FOOD-073,Saffron Table Bistro,Food,Continental,Dessert,Dark Chocolate Mousse,"A dessert inspired by continental flavors with airy dark chocolate mousse with cocoa nib crunch, designed as a smooth and memorable finish.",4.8,Prosecco Brut,Vegetarian,None,
FOOD-074,Saffron Table Bistro,Food,Continental,Dessert,Berry Panna Cotta,"A dessert inspired by continental flavors with silky panna cotta topped with berry compote and mint, designed as a smooth and memorable finish.",4.5,XO Brandy Pour,Vegetarian,None,
FOOD-075,Saffron Table Bistro,Food,Continental,Dessert,Lemon Posset Jar,"A dessert inspired by continental flavors with smooth lemon cream set dessert with biscuit crumble, designed as a smooth and memorable finish.",4.7,Irish Cream Liqueur,Vegetarian,None,
FOOD-076,Saffron Table Bistro,Food,Japanese,Appetizer,Edamame Sea Salt Toss,"A japanese starter featuring steamed edamame tossed with sea salt and sesame, plated for easy sharing and bold first impressions.",4.3,Plum Sake Cooler,Vegetarian,Mild,
FOOD-077,Saffron Table Bistro,Food,Japanese,Appetizer,Vegetable Tempura Basket,"A japanese starter featuring lightly battered seasonal vegetables with tentsuyu dip, plated for easy sharing and bold first impressions.",4.6,Yuzu Spritz,Vegetarian,Mild,
FOOD-078,Saffron Table Bistro,Food,Japanese,Appetizer,Chicken Gyoza,"A japanese starter featuring pan-seared chicken dumplings with soy-vinegar dipping sauce, plated for easy sharing and bold first impressions.",4.4,Japanese Rice Lager,Chicken,Mild,
FOOD-079,Saffron Table Bistro,Food,Japanese,Appetizer,Spicy Tuna Crispy Rice,"A japanese starter featuring crispy rice cakes topped with spicy tuna and scallions, plated for easy sharing and bold first impressions.",4.3,Sauvignon Blanc,Seafood,Medium,
FOOD-080,Saffron Table Bistro,Food,Japanese,Appetizer,Salmon Tataki,"A japanese starter featuring lightly seared salmon slices with ponzu and microgreens, plated for easy sharing and bold first impressions.",4.2,Plum Sake Cooler,Seafood,Mild,
FOOD-081,Saffron Table Bistro,Food,Japanese,Appetizer,Yasai Miso Skewers,"A japanese starter featuring grilled vegetables glazed with sweet miso and sesame, plated for easy sharing and bold first impressions.",4.4,Yuzu Spritz,Vegetarian,Mild,
FOOD-082,Saffron Table Bistro,Food,Japanese,Appetizer,Prawn Katsu Pops,"A japanese starter featuring crisp breaded prawn pops with tonkatsu mayo, plated for easy sharing and bold first impressions.",4.3,Japanese Rice Lager,Seafood,Mild,
FOOD-083,Saffron Table Bistro,Food,Japanese,Appetizer,Tofu Agedashi Cups,"A japanese starter featuring fried tofu in light dashi broth with ginger and spring onion, plated for easy sharing and bold first impressions.",4.5,Sauvignon Blanc,Vegetarian,Mild,
FOOD-084,Saffron Table Bistro,Food,Japanese,Main,Salmon Teriyaki Don,"A hearty japanese main built around teriyaki salmon over steamed rice with pickles and sesame, portioned for a full casual-dining entrée.",4.8,Plum Sake Cooler,Seafood,Mild,
FOOD-085,Saffron Table Bistro,Food,Japanese,Main,Chicken Katsu Curry,"A hearty japanese main built around crumb-fried chicken cutlet with Japanese curry sauce and rice, portioned for a full casual-dining entrée.",4.5,Japanese Rice Lager,Chicken,Mild,
FOOD-086,Saffron Table Bistro,Food,Japanese,Main,Vegetable Yakisoba,"A hearty japanese main built around stir-fried noodles with vegetables, soy glaze, and scallions, portioned for a full casual-dining entrée.",4.4,Sauvignon Blanc,Vegetarian,Mild,
FOOD-087,Saffron Table Bistro,Food,Japanese,Main,Beef Teppanyaki Bowl,"A hearty japanese main built around seared beef strips with garlic rice and sautéed vegetables, portioned for a full casual-dining entrée.",4.9,Yuzu Spritz,Beef,Medium,
FOOD-088,Saffron Table Bistro,Food,Japanese,Main,Mushroom Udon in Broth,"A hearty japanese main built around thick udon noodles in light broth with mushrooms and greens, portioned for a full casual-dining entrée.",4.6,Pinot Noir,Vegetarian,Mild,
FOOD-089,Saffron Table Bistro,Food,Japanese,Main,Prawn Tempura Roll Platter,"A hearty japanese main built around sushi rolls layered with prawn tempura, avocado, and mayo, portioned for a full casual-dining entrée.",4.3,Plum Sake Cooler,Seafood,Mild,
FOOD-090,Saffron Table Bistro,Food,Japanese,Main,Miso Glazed Cod,"A hearty japanese main built around baked cod finished with sweet miso glaze and greens, portioned for a full casual-dining entrée.",4.2,Japanese Rice Lager,Seafood,Mild,
FOOD-091,Saffron Table Bistro,Food,Japanese,Main,Tofu Teriyaki Rice Bowl,"A hearty japanese main built around crispy tofu glazed in teriyaki and served over rice, portioned for a full casual-dining entrée.",4.3,Sauvignon Blanc,Vegetarian,Mild,
FOOD-092,Saffron Table Bistro,Food,Japanese,Main,Spicy Chicken Ramen,"A hearty japanese main built around ramen noodles in rich broth with sliced chicken and chili oil, portioned for a full casual-dining entrée.",4.6,Yuzu Spritz,Chicken,Medium,
FOOD-093,Saffron Table Bistro,Food,Japanese,Main,Truffle Mushroom Sushi Roll,"A hearty japanese main built around umami-packed sushi roll with truffle mushroom filling, portioned for a full casual-dining entrée.",4.8,Pinot Noir,Vegetarian,Mild,
FOOD-094,Saffron Table Bistro,Food,Japanese,Main,Garlic Fried Rice with Yakitori,"A hearty japanese main built around garlic fried rice paired with soy-glazed chicken skewers, portioned for a full casual-dining entrée.",4.5,Plum Sake Cooler,Chicken,Mild,
FOOD-095,Saffron Table Bistro,Food,Japanese,Main,Soba Noodle Sesame Salad,"A hearty japanese main built around cold soba noodles with sesame dressing and crisp vegetables, portioned for a full casual-dining entrée.",4.2,Japanese Rice Lager,Vegetarian,Mild,
FOOD-096,Saffron Table Bistro,Food,Japanese,Dessert,Matcha Tiramisu,"A dessert inspired by japanese flavors with matcha-soaked sponge layered with mascarpone cream, designed as a smooth and memorable finish.",4.5,Prosecco Brut,Vegetarian,None,
FOOD-097,Saffron Table Bistro,Food,Japanese,Dessert,Black Sesame Cheesecake,"A dessert inspired by japanese flavors with creamy cheesecake with nutty black sesame finish, designed as a smooth and memorable finish.",4.9,Irish Cream Liqueur,Vegetarian,None,
FOOD-098,Saffron Table Bistro,Food,Japanese,Dessert,Yuzu Panna Cotta,"A dessert inspired by japanese flavors with soft panna cotta brightened with yuzu and citrus gel, designed as a smooth and memorable finish.",4.6,Coffee Liqueur Martini,Vegetarian,None,
FOOD-099,Saffron Table Bistro,Food,Japanese,Dessert,Mochi Ice Cream Trio,"A dessert inspired by japanese flavors with three assorted mochi ice cream pieces with seasonal flavors, designed as a smooth and memorable finish.",4.9,Elderflower Collins,Vegetarian,None,
FOOD-100,Saffron Table Bistro,Food,Japanese,Dessert,Hojicha Crčme Caramel,"A dessert inspired by japanese flavors with caramel custard infused with roasted hojicha tea, designed as a smooth and memorable finish.",4.8,Prosecco Brut,Vegetarian,None,
FOOD-101,Saffron Table Bistro,Food,Chinese,Appetizer,Chilli Garlic Mushroom,"A chinese starter featuring wok-tossed mushrooms glazed in chili garlic sauce, plated for easy sharing and bold first impressions.",4.1,Lychee Martini,Vegetarian,Medium,
FOOD-102,Saffron Table Bistro,Food,Chinese,Appetizer,Honey Sesame Lotus Stem,"A chinese starter featuring crispy lotus stem tossed with honey, sesame, and chili, plated for easy sharing and bold first impressions.",4.5,Craft IPA,Vegetarian,Mild,
FOOD-103,Saffron Table Bistro,Food,Chinese,Appetizer,Dragon Chicken,"A chinese starter featuring crisp chicken strips finished in spicy sweet dragon sauce, plated for easy sharing and bold first impressions.",4.5,Yuzu Spritz,Chicken,Hot,
FOOD-104,Saffron Table Bistro,Food,Chinese,Appetizer,Crispy Corn Pepper Salt,"A chinese starter featuring fried sweet corn tossed with pepper salt and scallions, plated for easy sharing and bold first impressions.",4.4,Japanese Rice Lager,Vegetarian,Mild,
FOOD-105,Saffron Table Bistro,Food,Chinese,Appetizer,Prawn Spring Rolls,"A chinese starter featuring golden spring rolls filled with prawns and crunchy vegetables, plated for easy sharing and bold first impressions.",4.3,Lychee Martini,Seafood,Mild,
FOOD-106,Saffron Table Bistro,Food,Chinese,Appetizer,Schezwan Paneer Cigars,"A chinese starter featuring crisp filo cigars with paneer and schezwan filling, plated for easy sharing and bold first impressions.",4.5,Craft IPA,Vegetarian,Medium,
FOOD-107,Saffron Table Bistro,Food,Chinese,Appetizer,Chicken Wonton Cups,"A chinese starter featuring crisp wonton cups filled with savory chicken and vegetables, plated for easy sharing and bold first impressions.",4.2,Yuzu Spritz,Chicken,Mild,
FOOD-108,Saffron Table Bistro,Food,Chinese,Appetizer,Kung Pao Cauliflower Bites,"A chinese starter featuring fried cauliflower bites tossed in kung pao glaze, plated for easy sharing and bold first impressions.",4.4,Japanese Rice Lager,Vegetarian,Medium,
FOOD-109,Saffron Table Bistro,Food,Chinese,Main,Veg Manchurian with Fried Rice,"A hearty chinese main built around vegetable dumplings in savory sauce with wok-fried rice, portioned for a full casual-dining entrée.",4.5,Craft IPA,Vegetarian,Medium,
FOOD-110,Saffron Table Bistro,Food,Chinese,Main,Hakka Noodles with Tofu,"A hearty chinese main built around hakka noodles stir-fried with tofu, vegetables, and soy, portioned for a full casual-dining entrée.",4.9,Lychee Martini,Vegetarian,Mild,
FOOD-111,Saffron Table Bistro,Food,Chinese,Main,Black Bean Chicken,"A hearty chinese main built around chicken pieces cooked with fermented black bean sauce and peppers, portioned for a full casual-dining entrée.",4.8,Pinot Noir,Chicken,Medium,
FOOD-112,Saffron Table Bistro,Food,Chinese,Main,Cantonese Fish in Ginger Soy,"A hearty chinese main built around steamed fish with ginger soy dressing and spring onion, portioned for a full casual-dining entrée.",4.4,Sauvignon Blanc,Seafood,Mild,
FOOD-113,Saffron Table Bistro,Food,Chinese,Main,Mapo Tofu Mild,"A hearty chinese main built around soft tofu in a toned-down mapo sauce with peppercorn aroma, portioned for a full casual-dining entrée.",4.6,Smoked Negroni,Vegetarian,Medium,
FOOD-114,Saffron Table Bistro,Food,Chinese,Main,Burnt Garlic Rice with Prawns,"A hearty chinese main built around fragrant burnt garlic rice topped with wok-tossed prawns, portioned for a full casual-dining entrée.",4.3,Craft IPA,Seafood,Medium,
FOOD-115,Saffron Table Bistro,Food,Chinese,Main,Crispy Chilli Beef,"A hearty chinese main built around beef strips fried crisp and tossed with chili and onions, portioned for a full casual-dining entrée.",4.8,Lychee Martini,Beef,Hot,
FOOD-116,Saffron Table Bistro,Food,Chinese,Main,Five Spice Vegetable Claypot,"A hearty chinese main built around vegetables braised in a claypot with five-spice sauce, portioned for a full casual-dining entrée.",4.8,Pinot Noir,Vegetarian,Mild,
FOOD-117,Saffron Table Bistro,Food,Chinese,Main,Sweet and Sour Chicken,"A hearty chinese main built around crisp chicken in glossy sweet and sour pineapple sauce, portioned for a full casual-dining entrée.",4.4,Sauvignon Blanc,Chicken,Mild,
FOOD-118,Saffron Table Bistro,Food,Chinese,Main,Szechuan Lamb Noodles,"A hearty chinese main built around lamb slices and noodles in bold szechuan chili dressing, portioned for a full casual-dining entrée.",4.6,Smoked Negroni,Lamb,Hot,
FOOD-119,Saffron Table Bistro,Food,Chinese,Main,Tofu Bok Choy Stir Fry,"A hearty chinese main built around tofu and bok choy tossed in light garlic soy sauce, portioned for a full casual-dining entrée.",4.6,Craft IPA,Vegetarian,Mild,
FOOD-120,Saffron Table Bistro,Food,Chinese,Main,Chicken Chilli Garlic Bao Plate,"A hearty chinese main built around fluffy bao paired with spicy chili garlic chicken filling, portioned for a full casual-dining entrée.",4.3,Lychee Martini,Chicken,Medium,
FOOD-121,Saffron Table Bistro,Food,Chinese,Dessert,Sesame Honey Noodles,"A dessert inspired by chinese flavors with crisp fried noodles glazed with honey and toasted sesame, designed as a smooth and memorable finish.",4.8,Elderflower Collins,Vegetarian,None,
FOOD-122,Saffron Table Bistro,Food,Chinese,Dessert,Mango Sago Pudding,"A dessert inspired by chinese flavors with chilled mango pudding finished with soft sago pearls, designed as a smooth and memorable finish.",4.6,Prosecco Brut,Vegetarian,None,
FOOD-123,Saffron Table Bistro,Food,Chinese,Dessert,Almond Tofu with Lychee,"A dessert inspired by chinese flavors with cool almond tofu served with lychee syrup and fruit, designed as a smooth and memorable finish.",4.8,Irish Cream Liqueur,Vegetarian,None,
FOOD-124,Saffron Table Bistro,Food,Chinese,Dessert,Red Bean Brownie Bites,"A dessert inspired by chinese flavors with small chocolate brownie bites accented with red bean paste, designed as a smooth and memorable finish.",4.6,Lychee Martini,Vegetarian,None,
FOOD-125,Saffron Table Bistro,Food,Chinese,Dessert,Jasmine Tea Crčme Brűlée,"A dessert inspired by chinese flavors with custard brűlée infused with floral jasmine tea, designed as a smooth and memorable finish.",4.3,Elderflower Collins,Vegetarian,None,
FOOD-126,Saffron Table Bistro,Food,Italian,Appetizer,Tomato Burrata Crostini,"A italian starter featuring toasted crostini topped with tomato confit and creamy burrata, plated for easy sharing and bold first impressions.",4.3,Aperol Spritz,Vegetarian,Mild,
FOOD-127,Saffron Table Bistro,Food,Italian,Appetizer,Arancini al Funghi,"A italian starter featuring golden risotto balls with mushroom and cheese center, plated for easy sharing and bold first impressions.",4.1,Prosecco Brut,Vegetarian,Mild,
FOOD-128,Saffron Table Bistro,Food,Italian,Appetizer,Calamari Fritti,"A italian starter featuring lightly fried calamari with herbed aioli and lemon, plated for easy sharing and bold first impressions.",4.7,Sauvignon Blanc,Seafood,Mild,
FOOD-129,Saffron Table Bistro,Food,Italian,Appetizer,Pesto Caprese Skewers,"A italian starter featuring mozzarella, tomato, and basil skewers with pesto drizzle, plated for easy sharing and bold first impressions.",4.6,Berry Basil Sangria,Vegetarian,Mild,
FOOD-130,Saffron Table Bistro,Food,Italian,Appetizer,Chicken Parmesan Bites,"A italian starter featuring crumb-fried chicken bites with parmesan and tomato dip, plated for easy sharing and bold first impressions.",4.6,Aperol Spritz,Chicken,Mild,
FOOD-131,Saffron Table Bistro,Food,Italian,Appetizer,Truffle Garlic Focaccia,"A italian starter featuring warm focaccia brushed with truffle garlic butter and herbs, plated for easy sharing and bold first impressions.",4.3,Prosecco Brut,Vegetarian,Mild,
FOOD-132,Saffron Table Bistro,Food,Italian,Appetizer,Zucchini Ricotta Rolls,"A italian starter featuring grilled zucchini wrapped around ricotta and basil filling, plated for easy sharing and bold first impressions.",4.1,Sauvignon Blanc,Vegetarian,Mild,
FOOD-133,Saffron Table Bistro,Food,Italian,Appetizer,Bruschetta Quattro,"A italian starter featuring assorted bruschetta platter with tomato, olive, mushroom, and pepper toppings, plated for easy sharing and bold first impressions.",4.6,Berry Basil Sangria,Vegetarian,Mild,
FOOD-134,Saffron Table Bistro,Food,Italian,Main,Penne Arrabbiata,"A hearty italian main built around penne pasta in a spicy tomato garlic sauce with basil, portioned for a full casual-dining entrée.",4.9,Pinot Noir,Vegetarian,Medium,
FOOD-135,Saffron Table Bistro,Food,Italian,Main,Spaghetti Aglio e Olio Prawns,"A hearty italian main built around spaghetti tossed in olive oil, garlic, chili, and prawns, portioned for a full casual-dining entrée.",4.3,Sauvignon Blanc,Seafood,Medium,
FOOD-136,Saffron Table Bistro,Food,Italian,Main,Wild Mushroom Risotto,"A hearty italian main built around creamy risotto with wild mushrooms, parmesan, and herbs, portioned for a full casual-dining entrée.",4.5,Berry Basil Sangria,Vegetarian,Mild,
FOOD-137,Saffron Table Bistro,Food,Italian,Main,Chicken Alfredo Fettuccine,"A hearty italian main built around fettuccine in creamy alfredo sauce with grilled chicken, portioned for a full casual-dining entrée.",4.2,Smoked Negroni,Chicken,Mild,
FOOD-138,Saffron Table Bistro,Food,Italian,Main,Margherita Pizza,"A hearty italian main built around thin-crust pizza with tomato, mozzarella, and basil, portioned for a full casual-dining entrée.",4.7,Malbec Reserve,Vegetarian,Mild,
FOOD-139,Saffron Table Bistro,Food,Italian,Main,Lamb Ragu Pappardelle,"A hearty italian main built around broad pasta ribbons coated in slow-cooked lamb ragů, portioned for a full casual-dining entrée.",4.7,Pinot Noir,Lamb,Mild,
FOOD-140,Saffron Table Bistro,Food,Italian,Main,Spinach Ricotta Ravioli,"A hearty italian main built around ravioli pillows in sage butter and light cream sauce, portioned for a full casual-dining entrée.",4.3,Sauvignon Blanc,Vegetarian,Mild,
FOOD-141,Saffron Table Bistro,Food,Italian,Main,Seafood Marinara Linguine,"A hearty italian main built around linguine with prawns, fish, and tomato white wine sauce, portioned for a full casual-dining entrée.",4.5,Berry Basil Sangria,Seafood,Mild,
FOOD-142,Saffron Table Bistro,Food,Italian,Main,Eggplant Parmigiana,"A hearty italian main built around layered baked eggplant with tomato sauce and mozzarella, portioned for a full casual-dining entrée.",4.6,Smoked Negroni,Vegetarian,Mild,
FOOD-143,Saffron Table Bistro,Food,Italian,Main,Four Cheese Gnocchi,"A hearty italian main built around soft gnocchi in a rich four-cheese sauce, portioned for a full casual-dining entrée.",4.4,Malbec Reserve,Vegetarian,Mild,
FOOD-144,Saffron Table Bistro,Food,Italian,Main,Pollo Piccata with Herb Pasta,"A hearty italian main built around lemon caper chicken served with buttered herb pasta, portioned for a full casual-dining entrée.",4.8,Pinot Noir,Chicken,Mild,
FOOD-145,Saffron Table Bistro,Food,Italian,Main,Burrata Pesto Lasagna,"A hearty italian main built around vegetarian lasagna layered with pesto, roasted vegetables, and burrata, portioned for a full casual-dining entrée.",4.5,Sauvignon Blanc,Vegetarian,Mild,
FOOD-146,Saffron Table Bistro,Food,Italian,Dessert,Tiramisu Classico,"A dessert inspired by italian flavors with classic tiramisu with coffee soak, mascarpone, and cocoa, designed as a smooth and memorable finish.",4.4,Coffee Liqueur Martini,Vegetarian,None,
FOOD-147,Saffron Table Bistro,Food,Italian,Dessert,Panna Cotta al Berry,"A dessert inspired by italian flavors with smooth vanilla panna cotta topped with berry compote, designed as a smooth and memorable finish.",4.6,Irish Cream Liqueur,Vegetarian,None,
FOOD-148,Saffron Table Bistro,Food,Italian,Dessert,Cannoli Cream Cups,"A dessert inspired by italian flavors with cannoli-inspired pastry cups filled with sweet ricotta cream, designed as a smooth and memorable finish.",4.7,Prosecco Brut,Vegetarian,None,
FOOD-149,Saffron Table Bistro,Food,Italian,Dessert,Affogato Crunch Sundae,"A dessert inspired by italian flavors with vanilla gelato with espresso pour and almond crunch, designed as a smooth and memorable finish.",4.4,XO Brandy Pour,Vegetarian,None,
FOOD-150,Saffron Table Bistro,Food,Italian,Dessert,Chocolate Hazelnut Semifreddo,"A dessert inspired by italian flavors with semi-frozen chocolate dessert layered with hazelnut praline, designed as a smooth and memorable finish.",4.5,Coffee Liqueur Martini,Vegetarian,None,
FOOD-151,Saffron Table Bistro,Food,Asian Fusion,Appetizer,Kimchi Arancini,"A asian fusion starter featuring crisp rice balls filled with kimchi-spiked cheese center, plated for easy sharing and bold first impressions.",4.7,Lemongrass Mojito,Vegetarian,Medium,
FOOD-152,Saffron Table Bistro,Food,Asian Fusion,Appetizer,Thai Chili Paneer Lettuce Wraps,"A asian fusion starter featuring paneer tossed in Thai chili glaze inside lettuce cups, plated for easy sharing and bold first impressions.",4.5,Chili Mango Margarita,Vegetarian,Medium,
FOOD-153,Saffron Table Bistro,Food,Asian Fusion,Appetizer,Korean Fried Chicken Bites,"A asian fusion starter featuring double-fried chicken bites coated in sticky gochujang glaze, plated for easy sharing and bold first impressions.",4.4,Lychee Martini,Chicken,Medium,
FOOD-154,Saffron Table Bistro,Food,Asian Fusion,Appetizer,Wasabi Avocado Tostadas,"A asian fusion starter featuring mini tostadas topped with avocado cream and wasabi kick, plated for easy sharing and bold first impressions.",4.4,Coconut Rum Punch,Vegetarian,Mild,
FOOD-155,Saffron Table Bistro,Food,Asian Fusion,Appetizer,Lemongrass Prawn Skewers,"A asian fusion starter featuring grilled prawns with lemongrass marinade and lime, plated for easy sharing and bold first impressions.",4.2,Lemongrass Mojito,Seafood,Mild,
FOOD-156,Saffron Table Bistro,Food,Asian Fusion,Appetizer,Crispy Tofu Bao,"A asian fusion starter featuring pillowy bao filled with crispy tofu, slaw, and sweet chili, plated for easy sharing and bold first impressions.",4.2,Chili Mango Margarita,Vegetarian,Mild,
FOOD-157,Saffron Table Bistro,Food,Asian Fusion,Appetizer,Sriracha Corn Ribs,"A asian fusion starter featuring corn ribs roasted with sriracha butter and sesame, plated for easy sharing and bold first impressions.",4.3,Lychee Martini,Vegetarian,Medium,
FOOD-158,Saffron Table Bistro,Food,Asian Fusion,Appetizer,Sesame Chicken Sliders,"A asian fusion starter featuring soft slider buns filled with sesame chicken and slaw, plated for easy sharing and bold first impressions.",4.5,Coconut Rum Punch,Chicken,Mild,
FOOD-159,Saffron Table Bistro,Food,Asian Fusion,Main,Thai Basil Chicken Bowl,"A hearty asian fusion main built around fragrant basil chicken with jasmine rice and vegetables, portioned for a full casual-dining entrée.",4.4,Lemongrass Mojito,Chicken,Medium,
FOOD-160,Saffron Table Bistro,Food,Asian Fusion,Main,Teriyaki Paneer Rice Stack,"A hearty asian fusion main built around paneer glazed with teriyaki and layered over sesame rice, portioned for a full casual-dining entrée.",4.4,Craft IPA,Vegetarian,Mild,
FOOD-161,Saffron Table Bistro,Food,Asian Fusion,Main,Korean Gochujang Beef Noodles,"A hearty asian fusion main built around beef noodles coated in spicy sweet gochujang sauce, portioned for a full casual-dining entrée.",4.2,Coconut Rum Punch,Beef,Hot,
FOOD-162,Saffron Table Bistro,Food,Asian Fusion,Main,Lemongrass Coconut Fish Curry,"A hearty asian fusion main built around fish curry with lemongrass coconut broth and rice, portioned for a full casual-dining entrée.",4.6,Chili Mango Margarita,Seafood,Medium,
FOOD-163,Saffron Table Bistro,Food,Asian Fusion,Main,Veg Sushi Burrito,"A hearty asian fusion main built around oversized sushi roll packed with vegetables, avocado, and rice, portioned for a full casual-dining entrée.",4.4,Pinot Noir,Vegetarian,Mild,
FOOD-164,Saffron Table Bistro,Food,Asian Fusion,Main,Miso Butter Ramen,"A hearty asian fusion main built around ramen noodles in miso butter broth with greens and mushrooms, portioned for a full casual-dining entrée.",4.8,Lemongrass Mojito,Vegetarian,Mild,
FOOD-165,Saffron Table Bistro,Food,Asian Fusion,Main,Chili Garlic Udon with Prawns,"A hearty asian fusion main built around udon noodles wok-tossed with garlic chili prawns, portioned for a full casual-dining entrée.",4.8,Craft IPA,Seafood,Medium,
FOOD-166,Saffron Table Bistro,Food,Asian Fusion,Main,Tofu Satay Grain Bowl,"A hearty asian fusion main built around grains, satay tofu, greens, and crunchy peanut dressing, portioned for a full casual-dining entrée.",4.2,Coconut Rum Punch,Vegetarian,Mild,
FOOD-167,Saffron Table Bistro,Food,Asian Fusion,Main,Szechuan Chicken Quesadilla,"A hearty asian fusion main built around fusion quesadilla stuffed with spicy chicken and cheese, portioned for a full casual-dining entrée.",4.4,Chili Mango Margarita,Chicken,Hot,
FOOD-168,Saffron Table Bistro,Food,Asian Fusion,Main,Rendang Jackfruit Plate,"A hearty asian fusion main built around slow-cooked jackfruit in rendang spices with rice, portioned for a full casual-dining entrée.",4.7,Pinot Noir,Vegetarian,Medium,
FOOD-169,Saffron Table Bistro,Food,Asian Fusion,Main,Korean BBQ Lamb Rice Bowl,"A hearty asian fusion main built around BBQ lamb strips over rice with pickles and sesame, portioned for a full casual-dining entrée.",4.3,Lemongrass Mojito,Lamb,Medium,
FOOD-170,Saffron Table Bistro,Food,Asian Fusion,Main,Kimchi Fried Rice with Egg,"A hearty asian fusion main built around savory kimchi fried rice topped with a sunny egg, portioned for a full casual-dining entrée.",4.3,Craft IPA,Vegetarian,Medium,
FOOD-171,Saffron Table Bistro,Food,Asian Fusion,Dessert,Coconut Matcha Tres Leches,"A dessert inspired by asian fusion flavors with soft sponge soaked in coconut milk and matcha cream, designed as a smooth and memorable finish.",4.9,Elderflower Collins,Vegetarian,None,
FOOD-172,Saffron Table Bistro,Food,Asian Fusion,Dessert,Thai Tea Cheesecake,"A dessert inspired by asian fusion flavors with baked cheesecake infused with Thai tea and caramel notes, designed as a smooth and memorable finish.",4.6,Coffee Liqueur Martini,Vegetarian,None,
FOOD-173,Saffron Table Bistro,Food,Asian Fusion,Dessert,Black Rice Pudding Brűlée,"A dessert inspired by asian fusion flavors with creamy black rice pudding with brűléed sugar crust, designed as a smooth and memorable finish.",4.6,Prosecco Brut,Vegetarian,None,
FOOD-174,Saffron Table Bistro,Food,Asian Fusion,Dessert,Mango Sticky Toffee Cake,"A dessert inspired by asian fusion flavors with sticky cake inspired by mango sticky rice and warm toffee, designed as a smooth and memorable finish.",4.8,Irish Cream Liqueur,Vegetarian,None,
FOOD-175,Saffron Table Bistro,Food,Asian Fusion,Dessert,Pandan Crčme Caramel,"A dessert inspired by asian fusion flavors with silky pandan custard with dark caramel sauce, designed as a smooth and memorable finish.",4.8,Elderflower Collins,Vegetarian,None,
FOOD-176,Saffron Table Bistro,Food,Mediterranean,Appetizer,Hummus Trio Platter,"A mediterranean starter featuring classic, beetroot, and roasted pepper hummus with warm pita, plated for easy sharing and bold first impressions.",4.2,Cucumber Gin Fizz,Vegetarian,Mild,
FOOD-177,Saffron Table Bistro,Food,Mediterranean,Appetizer,Falafel with Tahini Drizzle,"A mediterranean starter featuring crisp chickpea falafel served with tahini and pickles, plated for easy sharing and bold first impressions.",4.2,Rosé by the Glass,Vegetarian,Mild,
FOOD-178,Saffron Table Bistro,Food,Mediterranean,Appetizer,Halloumi Fries,"A mediterranean starter featuring golden halloumi fries with oregano and chili honey, plated for easy sharing and bold first impressions.",4.4,Elderflower Collins,Vegetarian,Mild,
FOOD-179,Saffron Table Bistro,Food,Mediterranean,Appetizer,Greek Salad Cups,"A mediterranean starter featuring feta, cucumber, tomato, and olives served in crisp lettuce cups, plated for easy sharing and bold first impressions.",4.4,Sauvignon Blanc,Vegetarian,Mild,
FOOD-180,Saffron Table Bistro,Food,Mediterranean,Appetizer,Harissa Prawn Skewers,"A mediterranean starter featuring grilled prawns with harissa marinade and lemon, plated for easy sharing and bold first impressions.",4.4,Cucumber Gin Fizz,Seafood,Medium,
FOOD-181,Saffron Table Bistro,Food,Mediterranean,Appetizer,Spinach Feta Börek,"A mediterranean starter featuring flaky pastry filled with spinach, feta, and herbs, plated for easy sharing and bold first impressions.",4.5,Rosé by the Glass,Vegetarian,Mild,
FOOD-182,Saffron Table Bistro,Food,Mediterranean,Appetizer,Muhammara Crostini,"A mediterranean starter featuring walnut pepper spread spooned over toasted crostini, plated for easy sharing and bold first impressions.",4.5,Elderflower Collins,Vegetarian,Mild,
FOOD-183,Saffron Table Bistro,Food,Mediterranean,Appetizer,Lamb Kofta Mezze Bites,"A mediterranean starter featuring small lamb kofta served with yogurt dip and herbs, plated for easy sharing and bold first impressions.",4.7,Sauvignon Blanc,Lamb,Medium,
FOOD-184,Saffron Table Bistro,Food,Mediterranean,Main,Chicken Shawarma Plate,"A hearty mediterranean main built around spiced chicken shawarma with rice, garlic sauce, and pickles, portioned for a full casual-dining entrée.",4.3,Rosé by the Glass,Chicken,Medium,
FOOD-185,Saffron Table Bistro,Food,Mediterranean,Main,Vegetable Moussaka,"A hearty mediterranean main built around baked vegetable moussaka layered with béchamel and herbs, portioned for a full casual-dining entrée.",4.5,Sauvignon Blanc,Vegetarian,Mild,
FOOD-186,Saffron Table Bistro,Food,Mediterranean,Main,Grilled Seabass with Olive Relish,"A hearty mediterranean main built around seabass fillet topped with olive-caper relish and greens, portioned for a full casual-dining entrée.",4.4,Pinot Noir,Seafood,Mild,
FOOD-187,Saffron Table Bistro,Food,Mediterranean,Main,Lamb Kofta with Saffron Rice,"A hearty mediterranean main built around juicy lamb kofta served on saffron rice with yogurt sauce, portioned for a full casual-dining entrée.",4.8,Cucumber Gin Fizz,Lamb,Medium,
FOOD-188,Saffron Table Bistro,Food,Mediterranean,Main,Spinach Feta Stuffed Chicken,"A hearty mediterranean main built around roasted chicken filled with spinach and feta, portioned for a full casual-dining entrée.",4.4,Malbec Reserve,Chicken,Mild,
FOOD-189,Saffron Table Bistro,Food,Mediterranean,Main,Harissa Chickpea Tagine,"A hearty mediterranean main built around slow-simmered chickpeas and vegetables in harissa tomato broth, portioned for a full casual-dining entrée.",4.3,Rosé by the Glass,Vegetarian,Medium,
FOOD-190,Saffron Table Bistro,Food,Mediterranean,Main,Prawn Orzo in Tomato Broth,"A hearty mediterranean main built around small pasta cooked with prawns, tomato broth, and herbs, portioned for a full casual-dining entrée.",4.5,Sauvignon Blanc,Seafood,Mild,
FOOD-191,Saffron Table Bistro,Food,Mediterranean,Main,Mediterranean Grill Platter,"A hearty mediterranean main built around mixed grill with chicken, vegetables, pita, and dips, portioned for a full casual-dining entrée.",4.5,Pinot Noir,Chicken,Medium,
FOOD-192,Saffron Table Bistro,Food,Mediterranean,Main,Wild Herb Couscous with Roast Vegetables,"A hearty mediterranean main built around herbed couscous topped with roast vegetables and feta, portioned for a full casual-dining entrée.",4.4,Cucumber Gin Fizz,Vegetarian,Mild,
FOOD-193,Saffron Table Bistro,Food,Mediterranean,Main,Beef Souvlaki Bowl,"A hearty mediterranean main built around grilled beef skewers with rice, salad, and lemon yogurt, portioned for a full casual-dining entrée.",4.4,Malbec Reserve,Beef,Medium,
FOOD-194,Saffron Table Bistro,Food,Mediterranean,Main,Creamy Lemon Garlic Pasta,"A hearty mediterranean main built around pasta tossed with lemon cream, garlic, herbs, and parmesan, portioned for a full casual-dining entrée.",4.8,Rosé by the Glass,Vegetarian,Mild,
FOOD-195,Saffron Table Bistro,Food,Mediterranean,Main,Za'atar Paneer Steak,"A hearty mediterranean main built around paneer steak crusted with za'atar and paired with warm salad, portioned for a full casual-dining entrée.",4.5,Sauvignon Blanc,Vegetarian,Mild,
FOOD-196,Saffron Table Bistro,Food,Mediterranean,Dessert,Baklava Cheesecake,"A dessert inspired by mediterranean flavors with baked cheesecake with honeyed filo and pistachio finish, designed as a smooth and memorable finish.",4.8,XO Brandy Pour,Vegetarian,None,
FOOD-197,Saffron Table Bistro,Food,Mediterranean,Dessert,Orange Blossom Mousse,"A dessert inspired by mediterranean flavors with airy mousse scented with orange blossom and citrus peel, designed as a smooth and memorable finish.",4.6,Prosecco Brut,Vegetarian,None,
FOOD-198,Saffron Table Bistro,Food,Mediterranean,Dessert,Pistachio Basbousa,"A dessert inspired by mediterranean flavors with semolina cake with pistachio syrup and soft crumb, designed as a smooth and memorable finish.",4.3,Irish Cream Liqueur,Vegetarian,None,
FOOD-199,Saffron Table Bistro,Food,Mediterranean,Dessert,Date Cake with Tahini Caramel,"A dessert inspired by mediterranean flavors with warm date cake finished with tahini caramel sauce, designed as a smooth and memorable finish.",4.9,Elderflower Collins,Vegetarian,None,
FOOD-200,Saffron Table Bistro,Food,Mediterranean,Dessert,Greek Yogurt Honey Panna Cotta,"A dessert inspired by mediterranean flavors with light panna cotta with yogurt tang and honey drizzle, designed as a smooth and memorable finish.",4.8,XO Brandy Pour,Vegetarian,None,
ALC-001,Saffron Table Bistro,Alcohol,Beverage Program,Alcoholic Beverage,Saffron Gin & Tonic,"A botanical gin highball lifted with saffron syrup, citrus zest, and tonic.",4.6,"Tandoori snacks, kebabs, mezze, and grilled seafood",,,Cocktail
ALC-002,Saffron Table Bistro,Alcohol,Beverage Program,Alcoholic Beverage,Tamarind Whiskey Sour,"A whiskey sour with tamarind, jaggery, citrus, and a silky foam finish.",4.7,"Buttery curries, roast meats, and pepper-forward mains",,,Cocktail
ALC-003,Saffron Table Bistro,Alcohol,Beverage Program,Alcoholic Beverage,Lychee Martini,A chilled vodka martini layered with lychee sweetness and delicate floral notes.,4.4,"Crispy starters, Chinese dishes, and lighter desserts",,,Cocktail
ALC-004,Saffron Table Bistro,Alcohol,Beverage Program,Alcoholic Beverage,Yuzu Spritz,"A sparkling aperitif with yuzu, orange bitters, and dry bubbly lift.",4.5,"Tempura, sushi, seafood pasta, and citrus desserts",,,Cocktail
ALC-005,Saffron Table Bistro,Alcohol,Beverage Program,Alcoholic Beverage,Masala Old Fashioned,A slow-sipping old fashioned accented with warm spice bitters and orange peel.,4.7,"Smoky grills, lamb dishes, and rich North Indian mains",,,Cocktail
ALC-006,Saffron Table Bistro,Alcohol,Beverage Program,Alcoholic Beverage,Berry Basil Sangria,"House sangria with red wine, berry compote, basil, and seasonal fruit.",4.3,"Pasta, pizza, charcuterie-style starters, and berry desserts",,,Cocktail
ALC-007,Saffron Table Bistro,Alcohol,Beverage Program,Alcoholic Beverage,Plum Sake Cooler,"A chilled sake cocktail with plum, soda, and a clean mineral finish.",4.6,"Sushi, teriyaki bowls, ramen, and umami-led dishes",,,Cocktail
ALC-008,Saffron Table Bistro,Alcohol,Beverage Program,Alcoholic Beverage,Lemongrass Mojito,"A bright rum mojito built with lemongrass, mint, lime, and soda.",4.5,"Thai-leaning bowls, Asian fusion plates, and spicy appetizers",,,Cocktail
ALC-009,Saffron Table Bistro,Alcohol,Beverage Program,Alcoholic Beverage,Cucumber Gin Fizz,"A crisp gin fizz with cucumber, lemon, and soft herbal freshness.",4.4,"Mediterranean plates, salads, paneer steaks, and grilled fish",,,Cocktail
ALC-010,Saffron Table Bistro,Alcohol,Beverage Program,Alcoholic Beverage,Smoked Negroni,A bitter-sweet negroni with a smoked finish and deep citrus aroma.,4.6,"Continental grills, red-sauce pasta, and lamb",,,Cocktail
ALC-011,Saffron Table Bistro,Alcohol,Beverage Program,Alcoholic Beverage,Coconut Rum Punch,"A tropical rum punch with coconut, pineapple, and balanced spice.",4.2,"Island-style seafood, chili dishes, and creamy desserts",,,Cocktail
ALC-012,Saffron Table Bistro,Alcohol,Beverage Program,Alcoholic Beverage,Chili Mango Margarita,"A lively margarita with ripe mango, tequila, lime, and chili salt.",4.7,"Fusion starters, tacos-influenced dishes, and spicy small plates",,,Cocktail
ALC-013,Saffron Table Bistro,Alcohol,Beverage Program,Alcoholic Beverage,Rosé by the Glass,"Dry rosé with red fruit, soft acidity, and an easy food-friendly structure.",4.3,"Mediterranean appetizers, light curries, and grilled chicken",,,Wine
ALC-014,Saffron Table Bistro,Alcohol,Beverage Program,Alcoholic Beverage,Sauvignon Blanc,"A citrusy white wine with herbal lift and a fresh, bright finish.",4.5,"Seafood, tempura, salads, and creamy vegetarian mains",,,Wine
ALC-015,Saffron Table Bistro,Alcohol,Beverage Program,Alcoholic Beverage,Pinot Noir,"A silky red with gentle tannin, red cherry fruit, and earthy complexity.",4.4,"Mushroom dishes, duck or lamb, and truffle-led plates",,,Wine
ALC-016,Saffron Table Bistro,Alcohol,Beverage Program,Alcoholic Beverage,Malbec Reserve,"A fuller red with dark fruit, spice, and firm structure for richer mains.",4.6,"Braised meats, steaks, nihari, and bold sauces",,,Wine
ALC-017,Saffron Table Bistro,Alcohol,Beverage Program,Alcoholic Beverage,Prosecco Brut,"A lively sparkling wine with orchard fruit and dry, crisp bubbles.",4.4,"Fried starters, Italian dishes, and celebratory desserts",,,Sparkling
ALC-018,Saffron Table Bistro,Alcohol,Beverage Program,Alcoholic Beverage,Japanese Rice Lager,"A light, clean lager with soft malt and a dry finish.",4.3,"Gyoza, sushi, tempura, and stir-fried noodles",,,Beer
ALC-019,Saffron Table Bistro,Alcohol,Beverage Program,Alcoholic Beverage,Belgian Wheat Beer,"A cloudy wheat beer with spice, citrus, and refreshing texture.",4.2,"Tandoori starters, creamy kebabs, and salad-forward plates",,,Beer
ALC-020,Saffron Table Bistro,Alcohol,Beverage Program,Alcoholic Beverage,Craft IPA,A hop-forward IPA with grapefruit bitterness and medium body.,4.4,"Spicy Chinese dishes, burgers, and chili-loaded mains",,,Beer
ALC-021,Saffron Table Bistro,Alcohol,Beverage Program,Alcoholic Beverage,Dark Stout,"A roasted stout with cocoa, coffee, and smooth bitterness.",4.1,"Chocolate desserts, smoked meats, and rich gravies",,,Beer
ALC-022,Saffron Table Bistro,Alcohol,Beverage Program,Alcoholic Beverage,XO Brandy Pour,"A neat brandy pour with warm oak, caramel, and dried fruit.",4.5,After-dinner sipping with caramel desserts or nutty sweets,,,Spirit
ALC-023,Saffron Table Bistro,Alcohol,Beverage Program,Alcoholic Beverage,Irish Cream Liqueur,A creamy after-dinner liqueur with cocoa and vanilla softness.,4.3,"Cheesecakes, tiramisu, and milk-based desserts",,,Liqueur
ALC-024,Saffron Table Bistro,Alcohol,Beverage Program,Alcoholic Beverage,Coffee Liqueur Martini,A chilled espresso-style martini with coffee liqueur and vodka.,4.6,"Tiramisu, chocolate desserts, and late-evening service",,,Cocktail
ALC-025,Saffron Table Bistro,Alcohol,Beverage Program,Alcoholic Beverage,Aperol Spritz,A bittersweet spritz with orange notes and sparkling refreshment.,4.3,"Italian starters, focaccia, and grilled vegetables",,,Cocktail
ALC-026,Saffron Table Bistro,Alcohol,Beverage Program,Alcoholic Beverage,Spiced Mulled Wine,"Warm red wine infused with spice, citrus peel, and gentle sweetness.",4.2,"Winter desserts, roast meats, and festive menus",,,Mulled Wine
ALC-027,Saffron Table Bistro,Alcohol,Beverage Program,Alcoholic Beverage,Mezcal Paloma,A smoky mezcal highball with grapefruit and saline brightness.,4.5,"Charred vegetables, smoky mains, and fire-roasted seafood",,,Cocktail
ALC-028,Saffron Table Bistro,Alcohol,Beverage Program,Alcoholic Beverage,Elderflower Collins,"A floral collins with elderflower, gin, and zesty citrus length.",4.4,"Light continental fare, Mediterranean mezze, and fruit desserts",,,Cocktail
